1,00001.jpg,photo1
2,00002.jpg,photo2
3,00003.jpg,photo3
4,00004.jpg,photo4
5,00005.jpg,photo5
6,00006.jpg,photo6
7,00007.jpg,photo7
8,00008.jpg,photo8
9,00009.jpg,photo9
10,00010.jpg,photo10
11,00011.jpg,photo11
12,00012.jpg,photo12
13,00013.jpg,photo13
14,00014.jpg,photo14
15,00015.jpg,photo15
16,00016.jpg,photo16
17,00017.jpg,photo17
18,00018.jpg,photo18
19,00019.jpg,photo19
20,00020.jpg,photo20
21,00021.jpg,photo21
22,00022.jpg,photo22
23,00023.jpg,photo23
24,00024.jpg,photo24
25,00025.jpg,photo25
26,00026.jpg,photo26
27,00027.jpg,photo27
28,00028.jpg,photo28
29,00029.jpg,photo29
30,00030.jpg,photo30
31,00031.jpg,photo31
32,00032.jpg,photo32
33,00033.jpg,photo33
34,00034.jpg,photo34
35,00035.jpg,photo35
36,00036.jpg,photo36
37,00037.jpg,photo37
38,00038.jpg,photo38
39,00039.jpg,photo39
40,00040.jpg,photo40
41,00041.jpg,photo41
42,00042.jpg,photo42